r_GeV_inverse,phi_GeV
0,330.96831339931157
0.00010816469732722904,330.96784343491248
0.00021632939465445809,330.96643321043166
0.00032449409198168712,330.96408173174012
0.00043265878930891618,330.9607873410294
0.00054082348663614518,330.95654771542013
0.00064898818396337424,330.95135986501248
0.0007571528812906033,330.94522013037636
0.00086531757861783235,330.93812417947942
0.00097348227594506141,330.93006700404959
0.0010816469732722904,330.9210429153697
0.0011898116705995195,330.91104553949879
0.0012979763679267485,330.90006781191755
0.0014061410652539776,330.88810197159194
0.0015143057625812066,330.87513955444916
0.0016224704599084358,330.86117138626162
0.0017306351572356647,330.84618757493035
0.0018387998545628937,330.83017750216266
0.0019469645518901228,330.81312981453499
0.0020551292492173518,330.79503241393371
0.0021632939465445807,330.77587244736475
0.0022714586438718101,330.75563629612242
0.0023796233411990391,330.73430956430832
0.002487788038526268,330.71187706668883
0.002595952735853497,330.68832281588118
0.0027041174331807259,330.66363000885485
0.0028122821305079553,330.63778101273766
0.0029204468278351842,330.61075734991209
0.0030286115251624132,330.5825396823887
0.0031367762224896421,330.55310779544266
0.0032449409198168715,330.52244058049791
0.0033531056171441005,330.49051601724284
0.0034612703144713294,330.45731115496221
0.0035694350117985584,330.42280209306711
0.0036775997091257873,330.38696396080519
0.0037857644064530167,330.34977089613318
0.0038939291037802456,330.31119602373133
0.0040020938011074746,330.27121143214003
0.0041102584984347035,330.22978814999777
0.0042184231957619325,330.18689612135745
0.0043265878930891614,330.14250418005992
0.0044347525904163904,330.09658002313938
0.0045429172877436202,330.04909018323758
0.0046510819850708492,329.99999999999994
0.0047587480454653582,329.94951454577551
0.0048664141058598663,329.89737811515533
0.0049740801662543754,329.84355305993029
0.0050817462266488844,329.78800826715769
0.0051894122870433934,329.7307057319037
0.0052970783474379016,329.67159789697456
0.0054047444078324106,329.61063720517683
0.0055124104682269196,329.54777609931676
0.0056200765286214278,329.48296702220057
0.0057277425890159368,329.41616241663468
0.0058354086494104458,329.34731472542541
0.005943074709804954,329.27637639137907
0.006050740770199463,329.203299857302
0.006158406830593972,329.12803756600056
0.0062660728909884802,329.0505435101511
0.0063737389513829892,328.97127865800979
0.0064814050117774982,328.89053891973884
0.0065890710721720064,328.80818474122327
0.0066967371325665154,328.7240765683481
0.0068044031929610244,328.63807484699862
0.0069120692533555326,328.55004002305998
0.0070197353137500416,328.45983254241696
0.0071274013741445506,328.36731285095499
0.0072350674345390588,328.27234139455908
0.0073427334949335678,328.17477861911419
0.0074503995553280768,328.07448497050552
0.007558065615722585,327.9713208946182
0.007665731676117094,327.86514683733719
0.007773397736511603,327.75582324454774
0.0078810637969061112,327.64321056213475
0.0079887298573006211,327.52716923598376
0.0080963959176951292,327.40755971197927
0.0082040619780896374,327.28424243600682
0.0083117280384841473,327.15707785395125
0.0084193940988786554,327.02592641169781
0.0085270601592731636,326.89064855513163
0.0086347262196676718,326.75110473013763
0.0087423922800621817,326.60715538260104
0.0088500583404566915,326.45866095840677
0.0089577244008511997,326.30548190344018
0.0090653904612457079,326.1474786635863
0.009173056521640216,325.98451168473008
0.0092807225820347259,325.81644141275689
0.0093883886424292341,325.6431282935514
0.0094960547028237439,325.46443277299915
0.0096037207632182521,325.28021529698498
0.0097113868236127603,325.09033631139408
0.0098190528840072684,324.89465626211154
0.0099267189444017783,324.69303559502231
0.010034385004796286,324.4853347560117
0.010142051065190796,324.27141419096472
0.010249717125585305,324.05113434576651
0.010357383185979813,323.82435566630204
0.010465049246374321,323.59093859845655
0.010572715306768831,323.35074358811505
0.010680381367163339,323.10363108116269
0.010788047427557849,322.84946152348454
0.010895713487952357,322.58809536096567
0.011003379548346865,322.31939303949122
0.011111045608741373,322.04321500494632
0.011218711669135883,321.75942170321593
0.011326377729530393,321.46787358018537
0.011434043789924901,321.16843108173947
0.011541709850319409,320.86095465376354
0.011649375910713917,320.54530474214255
0.011757041971108426,320.22134179276168
0.011864708031502936,319.88892625150601
0.011972374091897445,319.54791856426056
0.012080040152291954,319.19817917691051
0.012187706212686462,318.83956853534096
0.01229537227308097,318.47194708543697
0.01240303833347548,318.09517527308361
0.012510704393869988,317.70911354416603
0.012618370454264496,317.31362234456935
0.012726036514659006,316.90855103336276
0.012833702575053514,316.49349620583894
0.012941368635448022,316.06801982423519
0.013049034695842532,315.63173447397861
0.01315670075623704,315.18425274049599
0.01326436681663155,314.72518720921437
0.013372032877026058,314.25415046556066
0.013479698937420567,313.770755094962
0.013587364997815076,313.27461368284497
0.013695031058209585,312.76533881463683
0.013802697118604093,312.24254307576416
0.013910363178998603,311.70583905165415
0.014018029239393111,311.15483932773395
0.014125695299787619,310.58915648942997
0.014233361360182129,310.00840312216945
0.014341027420576637,309.41219181137933
0.014448693480971145,308.80013514248662
0.014556359541365655,308.17184570091808
0.014664025601760163,307.52693607210057
0.014771691662154671,306.86501884146134
0.014879357722549181,306.18570659442719
0.014987023782943689,305.48861191642493
0.015094689843338198,304.77334739288165
0.015202355903732707,304.03952560922426
0.015310021964127216,303.28675915087962
0.015417688024521724,302.51466060327476
0.015525354084916234,301.72284255183661
0.01563302014531074,300.91091758199207
0.015740686205705248,300.07849827916806
0.01584835226609976,299.2251972287915
0.015956018326494268,298.35062701628942
0.016063684386888776,297.45440022708874
0.016171350447283288,296.53612944661626
0.016279016507677796,295.59542726029906
0.016386682568072304,294.63190625356413
0.016494348628466812,293.64517901183825
0.01660201468886132,292.63485812054847
0.016709680749255829,291.6005561651217
0.016817346809650337,290.5418857309848
0.016925012870044845,289.4584594035648
0.017032678930439357,288.34988976828856
0.017140344990833865,287.21578941058311
0.017248011051228373,286.05577091587537
0.017355677111622884,284.8694468695922
0.017463343172017393,283.65642985716062
0.017571009232411901,282.41633246400755
0.017678675292806409,281.14876727555986
0.017786341353200917,279.85258235853792
0.017894007413595425,278.52202474144383
0.018001673473989933,277.15630093143835
0.018109339534384442,275.75579528579607
0.01821700559477895,274.32089216179128
0.018324671655173461,272.85197591669862
0.018432337715567969,271.34943090779251
0.018540003775962478,269.81364149234741
0.018647669836356989,268.24499202763775
0.018755335896751497,266.64386687093804
0.018863001957146006,265.01065037952293
0.018970668017540514,263.3457269106666
0.019078334077935022,261.64948082164369
0.01918600013832953,259.92229646972862
0.019293666198724038,258.16455821219591
0.019401332259118546,256.3766504063201
0.019508998319513055,254.55895740937547
0.019616664379907566,252.71186357863644
0.019724330440302074,250.83575327137785
0.019831996500696582,248.93101084487398
0.019939662561091094,246.99802065639906
0.020047328621485602,245.037167063228
0.02015499468188011,243.04883442263503
0.020262660742274619,241.03340709189473
0.020370326802669127,238.99126942828138
0.020477992863063635,236.9228057890696
0.020585658923458143,234.82840053153393
0.020693324983852655,232.70843801294865
0.020800991044247163,230.56330259058839
0.020908657104641671,228.39337862172761
0.021016323165036179,226.19905046364067
0.021123989225430687,223.98070247360221
0.021231655285825195,221.73871900888656
0.021339321346219707,219.47348442676818
0.021446987406614215,217.18538308452173
0.021554653467008723,214.87479933942154
0.021662319527403232,212.54211754874211
0.02176998558779774,210.18772206975791
0.021877651648192251,207.81199725974338
0.021985317708586759,205.41532747597307
0.022092983768981268,202.99809707572146
0.022200649829375776,200.56069041626296
0.022308315889770284,198.10349185487209
0.022415981950164792,195.62688574882327
0.022523648010559304,193.13125645539094
0.022631314070953812,190.61698833184971
0.02273898013134832,188.084465735474
0.022846646191742828,185.53407302353821
0.022954312252137336,182.96619455331694
0.023061978312531844,180.38121468208459
0.023169644372926356,177.77951776711552
0.023277310433320864,175.1626723821893
0.023384976493715372,172.53973758910385
0.023492642554109881,169.91344547651497
0.023600308614504389,167.28491894191484
0.023707974674898897,164.65528088279541
0.023815640735293409,162.0256541966487
0.023923306795687917,159.39716178096688
0.024030972856082425,156.77092653324195
0.024138638916476933,154.14807135096589
0.024246304976871441,151.5297191316308
0.024353971037265949,148.91699277272863
0.024461637097660461,146.31101517175142
0.024569303158054969,143.71290922619136
0.024676969218449477,141.12379783354044
0.024784635278843985,138.5448038912906
0.024892301339238494,135.97705029693398
0.024999967399633002,133.42165994796258
0.025107633460027513,130.87975574186839
0.025215299520422021,128.35246057614356
0.02532296558081653,125.84089734828012
0.025430631641211038,123.34618895577
0.025538297701605546,120.86945829610536
0.025645963762000058,118.41182826677809
0.025753629822394566,115.97442176528041
0.025861295882789074,113.5583616891043
0.025968961943183582,111.16477093574179
0.02607662800357809,108.79477240268488
0.026184294063972598,106.44948898742568
0.02629196012436711,104.1300435874561
0.026399626184761618,101.83755910026835
0.026507292245156126,99.5731584233544
0.026614958305550634,97.337964454206301
0.026722624365945143,95.133100090316049
0.026830290426339651,92.959688229175754
0.026937956486734162,90.818851768277327
0.027045622547128671,88.71171360511299
0.027153288607523179,86.639364347090691
0.027260954667917687,84.601997156444384
0.027368620728312195,82.59928020833614
0.027476286788706703,80.630963748022907
0.027583952849101215,78.696798020761506
0.027691618909495723,76.796533271808997
0.027799284969890231,74.929919746422115
0.027906951030284739,73.096707689857837
0.028014617090679247,71.296647347372996
0.028122283151073756,69.529488964224555
0.028229949211468267,67.794982785669319
0.028337615271862775,66.092879056964293
0.028445281332257284,64.422928023366296
0.028552947392651792,62.784879930132263
0.0286606134530463,61.178485022519084
0.028768279513440808,59.603493545783607
0.02887594557383532,58.059655745182731
0.028983611634229828,56.546721865973417
0.029091277694624336,55.064442153412536
0.029198943755018844,53.61256685275697
0.029306609815413352,52.190846209263597
0.029414275875807864,50.799030468189294
0.029521941936202372,49.436869874791036
0.02962960799659688,48.104114674325665
0.029737274056991388,46.800515112050093
0.029844940117385896,45.525821433221203
0.029952606177780405,44.279783883095888
0.030060272238174916,43.062152706931016
0.030167938298569424,41.872678149983543
0.030275604358963933,40.71111045751033
0.030383270419358441,39.577199874768283
0.030490936479752949,38.470696647014293
0.030598602540147457,37.391351019505244
0.030706268600541969,36.338913237498012
0.030813934660936477,35.313133546249546
0.030921600721330985,34.313762191016707
0.031029266781725493,33.340549417056408
0.031136932842120001,32.393245469625526
0.031244598902514509,31.471600593980959
0.031352264962909021,30.575365035379583
0.031459931023303529,29.703174430716761
0.031567597083698037,28.853064286118713
0.031675263144092546,28.024649156762901
0.031782929204487054,27.217558124293461
0.031890595264881562,26.43142027035455
0.03199826132527607,25.665864676590299
0.032105927385670585,24.920520424644824
0.032213593446065086,24.1950165961624
0.032321259506459601,23.488982272786988
0.032428925566854103,22.802046536162919
0.032536591627248618,22.133838467934151
0.032644257687643126,21.483987149744969
0.032751923748037634,20.852121663239469
0.032859589808432142,20.237871090061805
0.03296725586882665,19.640864511856112
0.033074921929221159,19.060731010266537
0.033182587989615667,18.497099666937238
0.033290254050010182,17.949599563512301
0.033397920110404683,17.417859781635997
0.033505586170799198,16.901509402952321
0.033613252231193699,16.400177509105557
0.033720918291588214,15.913493181739721
0.033828584351982723,15.441085502499053
0.033936250412377231,14.982583553027665
0.034043916472771739,14.537616414969701
0.034151582533166247,14.105813169969311
0.034259248593560755,13.686802899670635
0.034366914653955263,13.280214685717819
0.034474580714349778,12.885677609754987
0.03458224677474428,12.502820753426356
0.034689912835138795,12.13127319837597
0.034797578895533296,11.770664026248074
0.034905244955927811,11.420622318686721
0.035012911016322312,11.08077715733614
0.035120577076716827,10.750757623840396
0.035228243137111336,10.430192799843693
0.035335909197505844,10.11871176699016
0.035443575257900352,9.8159436069239341
0.03555124131829486,9.5215174012891683
0.035658907378689375,9.2350629458584947
0.035766573439083876,8.9564092874638543
0.035874239499478391,8.6854980426941921
0.035981905559872893,8.4221841398140409
0.036089571620267408,8.1663225070877967
0.036197237680661909,7.9177680727799782
0.036304903741056424,7.6763757651549858
0.036412569801450925,7.4420005124773363
0.03652023586184544,7.2144972430114329
0.036627901922239955,6.9937208850217614
0.036735567982634457,6.779526366772811
0.036843234043028972,6.5717686165289848
0.036950900103423473,6.370302562554798
0.037058566163817988,6.1749831331146536
0.037166232224212489,5.9856652564730641
0.037273898284607004,5.8022038608944406
0.037381564345001506,5.6244538746432911
0.037489230405396021,5.4522702259840239
0.037596896465790522,5.2855078431811471
0.037704562526185037,5.1240216544990753
0.037812228586579538,4.9676665882023094
0.037919894646974053,4.8162975725552712
0.038027560707368568,4.6697695358224358
0.03813522676776307,4.5279374062682827
0.038242892828157585,4.3906561121572354
0.038350558888552086,4.2577805817537886
0.038458224948946601,4.1291657433223667
0.038565891009341102,4.0046665251274618
0.038673557069735617,3.8841378554335022
0.038781223130130119,3.7674346625049777
0.038888889190524634,3.6544118746063177
0.038996555250919135,3.54492442000201
0.03910422131131365,3.4388272269564863
0.039211887371708165,3.3359752237342208
0.039319553432102666,3.236223338599685
0.039427219492497181,3.1394264998173123
0.039534885552891683,3.0454396356515869
0.039642551613286198,2.9541176743669442
0.039750217673680699,2.8653155442278675
0.039857883734075214,2.7788881734987925
0.039965549794469715,2.6946904904442004
0.04007321585486423,2.6126513022190019
0.040180881915258732,2.5328882934837043
0.040288547975653247,2.4553714638958883
0.040396214036047762,2.3800589799868872
0.040503880096442263,2.3069090082880312
0.040611546156836778,2.2358797153306234
0.040719212217231279,2.1669292676460041
0.040826878277625794,2.1000158317654791
0.040934544338020296,2.0350975742203858
0.041042210398414811,1.97213266154203
0.041149876458809312,1.9110792602617503
0.041257542519203827,1.8518955369108527
0.041365208579598328,1.7945396580206741
0.041472874639992843,1.7389697901225223
0.041580540700387345,1.6851440997477334
0.04168820676078186,1.6330207534276153
0.041795872821176375,1.5825579176934974
0.041903538881570876,1.5337137590767072
0.042011204941965391,1.4864464441085552
0.042118871002359892,1.4407141393203748
0.042226537062754407,1.3964750112434765
0.042334203123148909,1.3536872264091935
0.042441869183543424,1.3123089513488373
0.042549535243937925,1.2722983525937395
0.04265720130433244,1.2336135966752131
0.042764867364726941,1.196212850124589
0.042872533425121456,1.1600542794731801
0.042980199485515971,1.1250960512523134
0.043087865545910473,1.0912963319933147
0.043195531606304988,1.0586132882274975
0.043303197666699489,1.0270050864861922
0.043410863727094004,0.99642989330071252
0.043518529787488505,0.96684587520238874
0.04362619584788302,0.93821119872253511
0.043733861908277522,0.91048403039248094
0.043841527968672037,0.88362253674354085
0.043949194029066538,0.85758488430704394
0.044056860089461053,0.83232923961430572
0.044164526149855568,0.80781376919665138
0.044272192210250069,0.78399663958540566
0.044379858270644584,0.76083601731188488
0.044487524331039086,0.73829006890741689
0.044595190391433601,0.71631696090331776
0.044702856451828102,0.69487485983091513
0.044810522512222617,0.67392193222152563
0.044918188572617118,0.65347443517172832
0.045025854633011633,0.63358108728416918
0.045133520693406134,0.61423266334366566
0.04524118675380065,0.5954198035249566
0.045348852814195151,0.57713314800279192
0.045456518874589666,0.55936333695191132
0.045564184934984181,0.54210101054706106
0.045671850995378682,0.52533680896298829
0.045779517055773197,0.5090613723744325
0.045887183116167699,0.49326534095614266
0.045994849176562214,0.47793935488285916
0.046102515236956715,0.46307405432933019
0.04621018129735123,0.44866007947029635
0.046317847357745731,0.43468807048050578
0.046425513418140246,0.42114866753469937
0.046533179478534747,0.40803251080762498
0.046640845538929263,0.39533024047402338
0.046748511599323778,0.3830324967086412
0.046856177659718279,0.37112991968622405
0.046963843720112794,0.35961314958151325
0.047071509780507295,0.34847282656925627
0.04717917584090181,0.3376995908241946
0.047286841901296311,0.32728408252107555
0.047394507961690827,0.31721694183464072
0.047502174022085328,0.30748880893963715
0.047609840082479843,0.29809032401080665
0.047717506142874344,0.28901212722289626
0.047825172203268859,0.28024485875064803
0.047932838263663374,0.27177915876880732
0.048040504324057876,0.26360566745211983
0.048148170384452391,0.25571502497532772
0.048255836444846892,0.2480978715131775
0.048363502505241407,0.24074484724041159
0.048471168565635908,0.23364659233177629
0.048578834626030423,0.22679374696201421
0.048686500686424924,0.22017695130587153
0.04879416674681944,0.21378684553809094
0.048901832807213941,0.20761406983341846
0.049009498867608456,0.201649264366597
0.049117164928002957,0.19588306931237243
0.049224830988397472,0.19030612484548767
0.049332497048791987,0.184909071140688
0.049440163109186488,0.17968254837271835
0.049547829169581004,0.17461719671632189
0.049655495229975505,0.16970365634624429
0.04976316129037002,0.16493256743722867
0.049870827350764521,0.16029457016402077
0.049978493411159036,0.15578030470136367
0.050086159471553537,0.15138041122400303
0.050193825531948053,0.14708552990668214
0.050301491592342554,0.14288630092414648
0.050409157652737069,0.13877336445113936
0.050516823713131584,0.1347373606624058
0.050624489773526085,0.13076892973269066
0.0507321558339206,0.12685871183673739
0.050839821894315101,0.12302121082067083
0.050947487954709617,0.11928417428547902
0.051055154015104118,0.11564620314697599
0.051162820075498633,0.11210572714342946
0.051270486135893134,0.10866117601310886
0.051378152196287649,0.10531097949428202
0.05148581825668215,0.10205356732521839
0.051593484317076665,0.098887369244185744
0.051701150377471181,0.095810814989453152
0.051808816437865682,0.092822334299289558
0.051916482498260197,0.089920356911962873
0.052024148558654698,0.087103312565742469
0.052131814619049213,0.084369630998896175
0.052239480679443714,0.08171774194969339
0.05234714673983823,0.079146075156402013
0.052454812800232731,0.076653060357291344
0.052562478860627246,0.074237127290629354
0.052670144921021747,0.071896705694685287
0.052777810981416262,0.069630225307727153
0.052885477041810763,0.067436115868024157
0.052993143102205278,0.065312807113844365
0.053100809162599794,0.063258728783456716
0.053208475222994295,0.061272310615130048
0.05331614128338881,0.059351982347132452
0.053423807343783311,0.057496173717733065
0.053531473404177826,0.055703314465200035
0.053639139464572327,0.053971834327802455
0.053746805524966842,0.052300163043808502
0.053854471585361344,0.050686730351487165
0.053962137645755859,0.049129965989106711
0.05406980370615036,0.047628299694936177
0.054177469766544875,0.04618016120724374
0.05428513582693939,0.044783980264298279
0.054392801887333891,0.043438186604368517
0.054500467947728407,0.042141209965722772
0.054608134008122908,0.040891480086630003
0.054715800068517423,0.039687426705358492
0.054823466128911924,0.038527479560177186
0.054931132189306439,0.037410068389354387
0.05503879824970094,0.036333622931159021
0.055146464310095455,0.035296572923859432
0.055254130370489957,0.034297348105724497
0.055361796430884472,0.033334378215022588
0.055469462491278987,0.03240609299002245
0.055577128551673488,0.031510922168992837
0.055684794612068003,0.030647295490202113
0.055792460672462504,0.029813642691919131
0.055900126732857019,0.029008393512412314
0.056007792793251521,0.028229977689950468
0.056115458853646036,0.027476824962802023
0.056223124914040537,0.026747365069235796
0.056330790974435052,0.02604002774752022
0.056438457034829553,0.025353242735924101
0.056546123095224068,0.024685439772715877
0.056653789155618584,0.02403504859616426
0.056761455216013085,0.02340049894453796
0.0568691212764076,0.022780220556105416
0.056976787336802101,0.022172643169135434
0.057084453397196616,0.021576196521896455
0.057192119457591117,0.020989310352657276
0.057299785517985632,0.020410414399686348
0.057407451578380134,0.019837938401252454
0.057515117638774649,0.019270312095624062
0.05762278369916915,0.018705965221069938
0.057730449759563665,0.018143327515858572
0.057838115819958166,0.017580828718258709
0.057945781880352681,0.017016898566538839
0.058053447940747196,0.016449966798967656
0.058161114001141698,0.015878463153813843
0.058268780061536213,0.015300817369345892
0.058376446121930721,0.014715459183832521
